ID,No.,Type,Rarity,Name,Level,Total Exp,Current Exp,Required Exp,Link,MOD,Max HP,HP,Damage,Accuracy,Evasion,Rate of Fire,Move Speed,Armor,Rounds,Crit.Damage,Skill1,Skill2,Equip1,Equip2,Equip3,Affection,Oathed,Oathed Datetime,Locked
102320521,2,HG,★★,M1911,92,2306175,0,0,x5,,350,350,26,46,69,55,15,0,0,20,6,0,,,,100,,,Locked
102320522,20005,HG,★★★★,M1895 Mod,112,6977299,593999,306001,x5,Mod2,355,355,35,47,98,45,15,0,0,20,10,10,S.F. Modified Tactical Light,ILM Hollow-Point Ammo,IOP T4 Exoskeleton,100,,,Locked
102320523,9,HG,★★,P38,37,84537,0,0,x3,,135,135,17,22,36,45,15,0,0,20,1,0,,,,54,,,Locked
102321864,10,HG,★★,PPK,96,2837752,0,0,x5,,275,275,24,57,97,62,15,0,0,20,10,0,PPK Suppressor,,,100,,,Locked
102321922,20029,SMG,★★★★,STEN MkⅡ Mod,116,12767924,0,0,x5,Mod3,970,970,29,17,78,86,12,0,0,5,10,10,,,PEQ-16A,200,Oathed,2020-03-14 19:44,Locked
102322013,25,SMG,★★,MP40,31,53104,0,0,x3,,363,363,17,6,24,60,12,0,0,5,1,0,,,,56,,,Locked
102324464,20091,HG,★★★★,MP-446 Mod,115,10083300,0,2200000,x5,Mod3,340,340,30,57,79,60,15,0,0,20,10,10,MP446C Match Barrel,ILM Hollow-Point Ammo,IOP T4 Exoskeleton,100,,,Locked
102357177,20060,AR,★★★★★,AS Val Mod,115,10795630,0,0,x5,Mod3,675,675,42,50,50,76,10,0,0,20,10,10,16Lab Infrared Designator,SP6 Subsonic Ammo,#2 Processor,100,,,Locked
102360128,20094,SMG,★★★★,Type64 Mod,110,5266702,3402,476598,x5,Mod2,895,895,28,12,69,93,12,0,0,5,8,10,,,,100,,,Locked
102369418,17,SMG,★★,M3,30,45045,0,0,x2,,240,240,17,6,26,53,12,0,0,5,1,0,,,,50,,,Locked
102395243,109,MG,★★★★★,Gr MG5,90,1990182,0,0,x5,,940,940,79,25,25,116,4,0,11,5,10,0,Mk900 SLAP,,,100,,,Locked
102455041,92,SMG,★★,Spectre M4,44,148723,0,0,x3,,381,381,17,7,34,74,12,0,0,5,1,0,,,,50,,,Locked
102469349,27,SMG,★★★,Skorpion,100,3263300,-,-,x5,,795,795,24,13,83,95,12,0,0,5,8,0,,RIP380ACP,,100,,,Locked
102482228,20037,RF,★★★★,M14 Mod,115,10493672,0,0,x5,Mod3,430,430,110,73,28,44,7,0,0,40,10,10,Mk211 High-Explosive Armor-Piercing Ammo,M2 Bipod,Thermoptic Camouflage Cape,100,,,Locked
102485424,77,MG,★★★,M2HB,90,2048594,0,0,x5,,1020,1020,96,17,15,97,4,0,10,5,8,0,,,,100,,,Locked
102485478,70,AR,★★★,FF FNC,90,2039816,0,0,x5,,525,525,48,42,33,71,10,0,0,20,1,0,,,,100,,,Locked
102490314,74,AR,★★,SIG-510,80,1241944,0,0,x4,,416,416,49,34,31,55,10,0,0,20,2,0,,,,59,,,Locked
102490396,20205,AR,★★★★★★,AN-94 Mod,110,5503992,240692,239308,x5,Mod2,585,585,59,69,49,80,10,0,0,20,10,10,PEQ-16A,16Lab High-Velocity Ammo,#2 Processor,100,,,Locked
102496174,228,SMG,★★★★★,100 Shiki,45,161973,0,0,x3,,459,459,19,8,35,63,12,0,0,5,2,0,,,,57,,,Locked
102497738,216,AR,★★★★,XM8,40,113074,0,0,x3,,228,228,30,22,20,64,10,0,0,20,1,0,,,,55,,,Locked
102500932,34,RF,★★★,M1 Garand,30,45150,0,0,x3,,171,171,69,25,12,30,7,0,0,40,1,0,,,,50,,,Locked
102535904,105,AR,★★★,OTs-12,90,1976718,0,0,x5,,500,500,40,50,50,70,10,0,0,20,3,0,,,,62,,,Locked
102538301,13,HG,★★★,Type92,90,2001936,0,0,x5,,300,300,29,42,73,59,15,0,0,20,1,0,,,,51,,,Locked
102573550,3,HG,★★★,M9,30,45000,0,0,x3,,150,150,17,22,26,48,15,0,0,20,1,0,,,,50,,,Locked
102579068,72,AR,★★★★,TAR-21,30,45150,0,0,x3,,204,204,27,19,18,62,10,0,0,20,1,0,,,,50,,,Locked
102597000,61,AR,★★★,StG44,45,155651,0,0,x3,,276,276,34,24,19,50,10,0,0,20,1,0,,,,100,,,Locked
102602472,107,AR,★★,FF F2000,71,780514,0,0,x4,,360,360,34,33,30,74,10,0,0,20,1,0,,,,53,,,Locked
102606100,106,AR,★★★★★,FAL,91,2105917,0,0,x5,,630,630,54,39,35,70,10,0,0,20,8,0,,,,100,,,Locked
102642030,47,RF,★★,G43,30,45000,0,0,x3,,156,156,62,23,11,31,7,0,0,40,1,0,,,,50,,,Locked
102652288,20104,SMG,★★★★★★,Gr G36c Mod,110,5263300,0,0,x5,Mod2,1070,1070,33,14,70,84,12,0,0,5,10,9,,,PEQ-15,100,,,Locked
102652598,206,AR,★★★★★,AK-12,100,3263300,-,-,x5,,550,550,56,62,52,78,10,0,0,20,10,0,PEQ-16A,APCR High-Velocity Ammo,#2 Processor,100,,,Locked
102687775,237,AR,★★★★,SAR-21,70,723300,0,0,x4,,392,392,37,35,28,73,10,0,0,20,1,0,,,,50,,,Locked
102933157,52,RF,★★,VM59,30,45000,0,0,x3,,189,189,61,21,11,30,7,0,0,40,1,0,,,,50,,,Locked
102957108,20055,AR,★★★★★,M4A1 Mod,118,21119446,1836146,3163854,x5,Mod3,565,565,50,50,50,80,10,0,0,20,10,10,PEQ-16A,16Lab High-Velocity Ammo,Inherited Case,200,Oathed,2021-05-23 06:28,Locked
102960741,99,HG,★★★★,Gr Mk23,100,3263300,-,-,x5,,400,400,29,53,66,63,15,0,0,20,10,0,AC4 Suppressor,ILM Hollow-Point Ammo,IOP T4 Exoskeleton,100,,,Locked
102986302,20101,SMG,★★★★★,UMP9 Mod,115,10237199,0,0,x5,Mod3,900,900,29,17,83,87,12,0,0,5,10,10,,,PEQ-15,100,,,Locked
103024214,236,AR,★★★★★,K11,100,3263300,-,-,x5,,675,675,53,54,37,76,10,0,0,20,10,0,PEQ-16A,APCR High-Velocity Ammo,#2 Processor,100,,,Locked
103105664,18,SMG,★★★,Ingram,94,2503955,57255,69445,x5,,855,855,27,11,64,89,12,0,0,5,7,0,,,MAX10 Upper Receiver,100,,,Locked
103105715,184,RF,★★★★,T-5000,30,45000,0,0,x3,,177,177,70,33,11,28,7,0,0,40,5,0,,,,50,,,Locked
103147598,118,AR,★★★★,9A-91,100,3263300,-,-,x5,,580,580,42,49,50,78,10,0,0,20,10,0,VFL 6-24X56,APCR High-Velocity Ammo,9A High-Performance Chip,100,,,Locked
103172374,51,RF,★★,FF FN49,42,125986,0,0,x3,,198,198,70,30,16,27,7,0,0,40,1,0,,,,100,,,Locked
103204756,69,AR,★★★★,Fr FAMAS,30,45000,0,0,x3,,237,237,25,19,16,64,10,0,0,20,1,0,,,,50,,,Locked
103234867,44,RF,★★★,SV-98,60,430598,0,0,x3,,201,201,91,48,18,32,7,0,0,40,1,0,,,,100,,,Locked
103289802,20056,AR,★★★★★,M4 SOPMOD II Mod,117,17772352,2489052,1510948,x5,Mod3,565,565,52,50,46,79,10,0,0,30,10,10,Dinergate RO,PEQ-16A,APCR High-Velocity Ammo,100,,,Locked
103329233,6,HG,★★★,Tokarev,60,414968,0,0,x3,,207,207,23,31,43,45,15,0,0,20,1,0,,,,60,,,Locked
103340249,20057,AR,★★★★★,ST AR-15 Mod,120,30283300,-,-,x5,Mod3,540,540,50,55,52,78,10,0,0,20,10,10,PEQ-16A,Lightweight Rail Kit,.300BLK High-Velocity Ammo,200,Oathed,2020-03-22 21:32,Locked
103457183,20081,MG,★★★★,LWMMG Mod,110,5263300,0,0,x5,Mod2,880,880,102,27,24,92,4,0,10,5,10,10,Mk1000 SLAP,RMR T2 Red Dot Sight,,100,,,Locked
103479701,20032,SMG,★★★★,Micro Uzi Mod,110,5293428,0,0,x5,Mod2,875,875,25,13,81,104,12,0,0,5,10,10,IOP T4 Exoskeleton,,PEQ-15,100,,,Locked
103482448,20103,SMG,★★★★★,UMP45 Mod,113,7454625,0,0,x5,Mod2,970,970,29,14,76,83,12,0,0,5,10,10,IOP T4 Exoskeleton,,PEQ-15,100,,,Locked
103543409,12,HG,★★★,C96,42,131160,0,0,x3,,177,177,19,21,31,52,15,0,0,20,1,0,,,,100,,,Locked
103592200,129,AR,★★★★★,Type95,93,2446533,0,0,x5,,560,560,53,49,43,69,10,0,0,20,10,0,,,,100,,,Locked
103594521,20026,SMG,★★★★★,Gr MP5 Mod,115,10215243,0,0,x5,Mod3,900,900,31,14,71,90,12,0,0,5,10,10,GSG UX Exoskeleton,,PEQ-16A,100,,,Locked
103808574,58,AR,★★★,AK-47,30,45000,0,0,x3,,258,258,30,14,14,51,10,0,0,20,1,0,,,,50,,,Locked
103890349,213,SMG,★★★★★,C-MS,100,3263300,-,-,x5,,925,925,32,15,75,87,12,0,0,5,10,0,,Mk211 High-Explosive Armor-Piercing Ammo,ITI MARS,100,,,Locked
103899087,243,AR,★★★★★,64 Shiki,90,1981725,6325,106275,x5,,590,590,62,57,39,60,10,0,0,20,1,0,,,,100,,,Locked
103900473,75,MG,★★★★,M1918,70,743694,0,0,x4,,532,532,78,23,24,103,4,0,8,5,1,0,,,,100,,,Locked
103977162,116,SMG,★★★,Z-62,70,707326,0,0,x4,,568,568,23,12,57,70,12,0,0,5,3,0,,,,100,,,Locked
104152633,54,AR,★★★★,M16A1,100,3263300,-,-,x5,,605,605,47,46,44,75,10,0,0,20,8,0,APCR High-Velocity Ammo,Special Warfare Mobile Suit,Type 3 Armor Plate,100,,,Locked
104500046,23,SMG,★★★★,PP-90,30,45000,0,0,x2,,206,206,14,6,33,75,12,0,0,5,1,0,,,,50,,,Locked
104511840,162,SG,★★★★,SPAS-12,90,1977396,0,0,x5,,1305,1305,31,11,9,31,6,19,4,40,1,0,,,,100,,,Locked
104526281,36,RF,★★★★,Springfield,95,2699424,126024,4376,x5,,410,410,124,69,38,31,7,0,0,40,6,0,National Match-Grade Armor-Piercing Ammo,,,100,,,Locked
105247987,53,RF,★★★★★,NTW-20,93,2353355,29755,93345,x5,,450,450,157,70,28,30,7,0,0,40,10,0,,,,100,,,Locked
105256324,20154,SG,★★★★,M500 Mod,111,5955928,212628,427372,x5,Mod2,1340,1340,32,12,10,29,6,22,4,40,10,10,Type 3 Armor Plate,#000 Buckshot,ITI MARS,100,,,Locked
105470321,22,SMG,★★★,PPS-43,30,48500,0,0,x3,,342,342,19,6,26,59,12,0,0,5,1,0,,,,50,,,Locked
105529190,20001,HG,★★★★★,SAA Mod,112,6751348,368048,531952,x5,Mod2,410,410,37,50,78,50,15,0,0,20,10,10,AC4 Suppressor,ILM Hollow-Point Ammo,IOP T4 Exoskeleton,100,,,Locked
105611353,100,HG,★★★★,P7,30,45000,0,0,x2,,82,82,18,24,32,48,15,0,0,20,1,0,,,,50,,,Locked
105615671,226,RF,★★★★,Mk 12,90,1976933,0,0,x5,,385,385,95,75,30,45,7,0,0,40,8,0,,,,77,,,Locked
105804374,225,SMG,★★★★,Cx4 Storm,30,45000,0,0,x3,,351,351,20,6,29,50,12,0,0,5,1,0,,,,55,,,Locked
105931407,126,HG,★★★★★,NZ75,90,2013748,38348,74252,x5,,345,345,31,57,67,61,15,0,0,20,8,0,,,,92,,,Locked
106039356,20008,HG,★★★★,Makarov Mod,115,10083300,0,2200000,x5,Mod3,340,340,29,63,104,61,15,0,0,20,10,7,Tactical Grip,9x18mm FTX,IOP T4 Exoskeleton,100,,,Locked
106074641,139,HG,★★,Bren Ten,43,138900,0,0,x3,,150,150,21,26,32,48,15,0,0,20,1,0,,,,57,,,Locked
106247520,209,SMG,★★★,OTs-39,30,45000,0,0,x3,,369,369,16,6,29,59,12,0,0,5,1,0,,,,50,,,Locked
106249927,28,SMG,★★★★★,Gr MP7,90,1998023,0,0,x5,,940,940,28,12,63,89,12,0,0,5,10,0,,,,100,,,Locked
106389660,257,RF,★★★★★,M200,92,2219636,0,0,x5,,425,425,137,90,29,33,7,0,0,40,10,0,,,,100,,,Locked
106414401,202,HG,★★★★,Thunder,90,1976146,0,0,x5,,410,410,43,52,55,35,15,0,0,40,6,0,,,,100,,,Locked
106464412,220,HG,★★★,MP-443,30,45000,0,0,x3,,135,135,19,21,28,46,15,0,0,20,5,0,,,,50,,,Locked
106812493,14,HG,★★★,Astra,90,2069358,0,0,x5,,380,380,31,41,62,50,15,0,0,20,10,0,AC3 Suppressor,ILM Hollow-Point Ammo,IOP T3 Exoskeleton,100,,,Locked
106942510,43,RF,★★★★,SVD,90,1980630,0,0,x5,,380,380,122,73,30,36,7,0,0,40,10,0,7N14,,,100,,,Locked
107052968,173,MG,★★★★★,PKP,30,45000,0,0,x3,,321,321,53,12,12,99,4,0,10,5,10,0,,,,100,,,Locked
107162736,153,SG,★★★★,M37,100,3263300,-,-,x5,,1265,1265,33,12,12,26,6,22,4,40,9,0,,#000 Buckshot,Synthetic Pistol Grip,100,,,Locked
107463455,231,RF,★★★★★,M82A1,99,3124198,6598,139102,x5,,440,440,156,76,29,33,7,0,0,40,10,0,M1022 Sniper Rounds,Barrett QDL,Thermoptic Camouflage Cape,150,Oathed,2021-05-03 07:12,Locked
107620945,168,HG,★★★★,Spitfire,91,2110077,22077,94023,x5,,335,335,31,56,65,58,15,0,0,20,8,0,,,,100,,,Locked
107740761,38,RF,★★★,M21,30,45000,0,0,x1,,60,60,67,29,11,28,7,0,0,40,1,0,,,,50,,,Locked
108044957,66,AR,★★★★,Type56-1,70,705000,0,0,x4,,468,468,43,26,26,63,10,0,0,20,1,0,,,,50,,,Locked
108050740,20143,SMG,★★★★★★,RO635 Mod,115,10243942,0,0,x5,Mod3,1035,1035,29,15,76,97,12,0,0,5,10,10,Beloved Dangle,,PEQ-16A,100,,,Locked
108123493,96,HG,★★★★★,Grizzly,99,3176447,58847,86853,x5,,430,430,38,51,65,54,15,0,0,20,10,0,AC3 Suppressor,,MkV Mobility Skeleton,100,,,Locked
109094142,175,AR,★★★★★,ART556,30,45000,0,0,x1,,75,75,29,20,19,52,10,0,0,20,1,0,,,,50,,,Locked
109167722,4,HG,★★★★★,Python,100,3263300,-,-,x5,,350,350,40,81,82,49,15,0,0,40,10,0,RMR T4 Red Dot Sight,.357 Wadcutter Rounds,IOP X4 Exoskeleton,100,,,Locked
109699367,197,RF,★★★★★,Carcano M1891,92,2231387,0,0,x5,,380,380,131,79,39,33,7,0,0,40,10,0,Mk211 High-Explosive Armor-Piercing Ammo,VFL 6-24X56,,100,,,Locked
109716585,233,HG,★★★★★,Px4 Storm,98,3029738,0,0,x5,,335,335,34,68,92,56,15,0,0,20,10,0,ImpulsIIA/C,,IOP X4 Exoskeleton,100,,,Locked
109721323,269,HG,★★★★,Gr P30,70,705000,0,0,x4,,236,236,26,46,63,50,15,0,0,20,1,0,,,,55,,,Locked
110023882,20171,AR,★★★★★,Ribeyrolles Mod,110,5263300,0,480000,x5,Mod2,585,585,65,47,41,68,10,0,0,20,10,10,PEQ-16A,16Lab High-Velocity Ammo,#2 Processor,100,,,Locked
110061464,256,RF,★★★,Falcon,70,705000,0,0,x1,,75,75,113,52,21,29,7,0,0,40,8,0,,,,100,,,Locked
110067440,48,RF,★★★★★,WA2000,91,2161114,0,0,x5,,420,420,123,76,28,38,7,0,0,40,10,0,,SB 2.5-10x56,,100,,,Locked
110109188,16,SMG,★★★★★,Thompson,92,2213330,0,0,x5,,1140,1140,30,12,52,80,12,0,0,5,10,0,Thompson's Exoskeleton,,PEQ-15,100,,,Locked
110258557,270,RF,★★★★,4 Shiki,91,2175461,0,0,x5,,400,400,106,68,34,38,7,0,0,40,10,0,Arisaka AP Rounds,,,100,,,Locked
110294942,205,AR,★★★★★,AN-94,70,705000,0,0,x4,,392,392,43,49,35,68,10,0,0,20,1,0,,,,50,,,Locked
110443251,248,HG,★★★★,Jericho,30,45000,0,0,x3,,150,150,18,20,25,48,15,0,0,20,1,0,,,,65,,,Locked
110693630,39,RF,★★★★,Mosin-Nagant,30,45000,0,0,x3,,171,171,71,32,15,23,7,0,0,40,10,0,,,,50,,,Locked
111044094,85,MG,★★★★,PK,92,2304939,0,0,x5,,910,910,91,20,22,82,4,0,11,5,10,0,,PK Exclusive Tripod,IOP Maximum Ammo Box,100,,,Locked
111116004,20007,HG,★★★★★,Stechkin Mod,110,5285560,22260,457740,x5,Mod2,420,420,31,50,67,65,15,0,0,20,10,9,Stechkin Buttstock,16Lab Hollow-Point,IOP X4 Exoskeleton,100,,,Locked
111224157,142,HG,★★★★★,Five-seven,100,3263300,-,-,x5,,315,315,31,57,97,66,15,0,0,20,10,0,S.F. Modified Tactical Light,ILM Hollow-Point Ammo,IOP X4 Exoskeleton,100,,,Locked
111278642,214,AR,★★★★★,ADS,90,1975685,285,112315,x5,,575,575,46,49,41,75,10,0,0,20,1,0,,,,100,,,Locked
111421916,164,SG,★★★★★,FP-6,90,1980000,0,0,x5,,1235,1235,29,12,11,27,6,22,4,40,10,0,Type 3 Armor Plate,SABOT Slug,EOT 518,100,,,Locked
111731602,86,MG,★★★,MG42,92,2217572,13472,106028,x5,,795,795,87,22,24,128,4,0,10,5,8,0,,,,100,,,Locked
112046539,181,AR,★★★★★,T91,90,2035092,59692,52908,x5,,585,585,48,41,42,74,10,0,0,20,9,0,,,,100,,,Locked
112601537,20,SMG,★★★★★,Vector,94,2479175,0,0,x5,,900,900,29,10,67,99,12,0,0,5,10,0,,,,100,,,Locked
112602175,127,SMG,★★★★★,Type79,90,1981725,6325,106275,x5,,920,920,30,11,64,86,12,0,0,5,1,0,,S&B762,,50,,,Locked
112602452,130,AR,★★★★★,Type97,92,2287246,0,0,x5,,555,555,51,48,43,70,10,0,0,20,10,0,Advanced Infantry Sight,,,100,,,Locked
112602463,20065,AR,★★★★★★,416 Mod,116,13872033,1588733,1411267,x5,Mod3,620,620,54,51,47,79,10,0,0,20,10,10,PEQ-16A,APCR High-Velocity Ammo,Tactical Headwear,100,,,Locked
112605081,102,SMG,★★★★,UMP40,30,48000,0,0,x2,,234,234,15,6,29,67,12,0,0,5,1,0,,,,50,,,Locked
113109162,179,RF,★★★★★,Gd DSR-50,80,1248450,0,0,x4,,296,296,141,71,27,29,7,0,0,40,1,0,,,,100,,,Locked
113578838,223,AR,★★★,Model L,30,45000,0,0,x3,,216,216,29,18,17,57,10,0,0,20,1,0,,,,50,,,Locked
113594541,183,HG,★★★★★,Contender,93,2329329,0,0,x5,,320,320,44,80,77,42,15,0,0,40,10,0,RMR T4 Red Dot Sight,ILM Hollow-Point Ammo,IOP X4 Exoskeleton,100,,,Locked
113598076,20097,HG,★★★★★★,M950A Mod,112,7058159,674859,225141,x5,Mod2,400,400,32,57,76,72,15,0,0,20,10,10,AC4 Suppressor,Signal Flare,IOP X4 Exoskeleton,100,,,Locked
113705053,234,SMG,★★★★★,JS 9,98,3069863,0,0,x5,,890,890,27,15,85,89,12,0,0,5,10,0,,,PEQ-15,100,,,Locked
114884163,174,RF,★★★,Type81R,30,45000,0,0,x1,,49,49,67,31,16,24,7,0,0,40,1,0,,,,50,,,Locked
114884340,146,RF,★★★★,Gr G28,90,1976090,0,0,x5,,420,420,112,73,27,38,7,0,0,40,10,0,,,,100,,,Locked
115206126,215,AR,★★★★★,MDR,90,2002027,0,0,x5,,565,565,52,46,38,74,10,0,0,20,10,0,BPR4 & SRM6,,,100,,,Locked
115507290,1009,HG,★★★★★,El Clear,98,3015009,39209,102591,x5,,330,330,30,61,87,60,15,0,0,20,10,0,Glorylight,ILM Hollow-Point Ammo,IOP T4 Exoskeleton,100,,,Locked
115522369,1010,HG,★★★★★,El Fail,1,0,0,0,x1,,33,33,10,7,10,39,15,0,0,20,1,0,,,,100,,,Locked
117159463,20114,HG,★★★★★★,Welrod MkⅡ Mod,115,10569060,485760,1714240,x5,Mod3,405,405,31,74,97,52,15,0,0,40,10,10,AC4 Suppressor,Signal Flare,Special Ops Bag,100,,,Locked
117166875,198,RF,★★★★★,Carcano M91/38,100,3263300,-,-,x5,,365,365,146,90,44,34,7,0,0,40,10,0,Mk211 High-Explosive Armor-Piercing Ammo,VFL 6-24X56,Thermoptic Camouflage Cape,100,,,Locked
117192967,99,HG,★★★★,Gr Mk23,74,899051,0,0,x4,,276,276,24,41,51,58,15,0,0,20,1,0,,,,61,,,Locked
117242865,123,HG,★★★,P99,30,45000,0,0,x3,,117,117,18,22,34,48,15,0,0,20,1,0,,,,51,,,Locked
117684404,62,AR,★★★★★,Gr G41,90,1977000,0,0,x5,,605,605,47,44,36,75,10,0,0,20,1,0,,,,50,,,Locked
117686796,188,SG,★★★★★,S.A.T.8,100,3263300,-,-,x5,,1410,1410,29,13,12,33,6,22,4,40,10,0,Type 3 Armor Plate,SABOT Slug,,100,,,Locked
118081210,96,HG,★★★★★,Grizzly,90,2024565,0,0,x5,,410,410,35,47,60,53,15,0,0,20,1,0,,,,56,,,Locked
118081684,227,AR,★★★★,A-91,90,1998370,0,0,x5,,535,535,49,45,34,72,10,0,0,20,8,0,,,,88,,,Locked
118162136,160,SG,★★★★★,Saiga-12,30,45000,0,0,x2,,342,342,17,5,5,28,6,9,5,40,1,0,,,,50,,,Locked
118282379,155,SG,★★★★,M590,95,2597570,24170,106230,x5,,1290,1290,31,11,10,30,6,21,4,40,9,0,Type 3 Armor Plate,#000 Buckshot,ITI MARS,100,,,Locked
119343315,266,RF,★★★★★,R93,100,3263300,-,-,x5,,405,405,133,97,34,39,7,0,0,40,10,0,M1022 Sniper Rounds,VFL 6-24X56,Thermoptic Camouflage Cape,100,,,Locked
119711654,232,HG,★★★,MP-448,90,1997028,0,0,x5,,305,305,24,56,90,58,15,0,0,20,10,0,,ILM Hollow-Point Ammo,,100,,,Locked
120215480,1,HG,★★★★,SAA,70,705000,0,0,x4,,272,272,29,36,56,43,15,0,0,20,1,0,,,,50,,,Locked
120232258,211,RF,★★★★★,SRS,90,2005199,29799,82801,x5,,410,410,126,75,32,34,7,0,0,40,10,0,,,,100,,,Locked
120272631,136,SMG,★★★★,PP-19,30,45000,0,0,x3,,342,342,15,6,29,71,12,0,0,5,8,0,,,,100,,,Locked
120470787,222,RF,★★★★★,TAC-50,30,45000,0,0,x1,,56,56,83,32,12,25,7,0,0,40,8,0,,,,100,,,Locked
121701183,212,HG,★★★★,K5,96,2704891,1091,133009,x5,,325,325,28,50,79,61,15,0,0,40,10,0,AC4 Suppressor,Signal Flare,IOP T4 Exoskeleton,100,,,Locked
121932552,20122,AR,★★★★★★,Gr G11 Mod,115,10817894,0,0,x5,Mod3,620,620,47,47,44,97,10,0,0,20,10,10,PEQ-16A,APCR High-Velocity Ammo,G-box,100,,,Locked
122769019,132,HG,★★★,Type59,63,506248,0,0,x3,,147,147,22,41,64,53,15,0,0,20,8,0,,,,100,,,Locked
122899867,79,MG,★★★,FF M249SAW,30,45000,0,0,x3,,306,306,42,13,14,105,4,0,8,5,1,0,,,,50,,,Locked
123115655,196,AR,★★★★★,Zas M21,90,1977000,1600,111000,x5,,575,575,51,44,38,71,10,0,0,20,1,0,,,,100,,,Locked
123228841,194,AR,★★★★★,K2,100,3263300,-,-,x5,,635,635,50,51,42,78,10,0,0,20,10,0,PEQ-16A,APCR High-Velocity Ammo,#2 Processor,100,,,Locked
123518099,206,AR,★★★★★,AK-12,70,705000,0,0,x4,,376,376,44,45,38,70,10,0,0,20,1,0,,,,50,,,Locked
123594995,244,HG,★★★,TEC-9,30,45000,0,0,x2,,108,108,16,19,25,50,15,0,0,20,8,0,,,,58,,,Locked
123793653,255,RF,★★★,Scout,30,45000,0,0,x1,,59,59,64,30,14,28,7,0,0,40,1,0,,,,50,,,Locked
124277889,262,AR,★★★★,EM-2,94,2458326,0,0,x5,,580,580,55,45,45,60,10,0,0,20,8,0,,,,100,,,Locked
124504025,88,MG,★★★★,MG3,90,1977000,0,0,x5,,940,940,79,24,20,126,4,0,10,5,1,0,,,,50,,,Locked
124654216,233,HG,★★★★★,Px4 Storm,70,705000,0,0,x4,,232,232,28,51,69,51,15,0,0,20,1,0,,,,50,,,Locked
125454967,240,MG,★★★★,Mk46,30,45000,0,0,x1,,105,105,42,13,14,108,4,0,9,5,1,0,,,,50,,,Locked
126476750,204,RF,★★★★★,Ballista,1,0,0,0,x1,,41,41,45,10,4,23,7,0,0,40,1,0,,,,50,,,Locked
126512397,20252,RF,★★★★★,KSVK Mod,115,10203295,0,0,x5,Mod3,450,450,164,86,31,32,7,0,0,40,10,10,12.7mm 1SL,VFL 6-24X56,Thermoptic Camouflage Cape,100,,,Locked
126673696,253,MG,★★★★★,Lewis,100,3263300,-,-,x5,,950,950,102,31,31,116,4,0,10,5,10,0,,,IOP Maximum Ammo Box,100,,,Locked
127455680,250,HG,★★★★★,HS2000,91,2203810,0,0,x5,,345,345,31,56,80,60,15,0,0,20,10,0,,,,100,,,Locked
127520128,242,HG,★★★★★,P22,100,3263300,-,-,x5,,350,350,28,66,110,62,15,0,0,20,10,0,P22 Laser Pointer,ILM Hollow-Point Ammo,IOP T4 Exoskeleton,100,,,Locked
128133633,258,AR,★★★,Magal,30,45000,0,0,x2,,150,150,25,18,17,53,10,0,0,20,1,0,,,,50,,,Locked
128134591,230,RF,★★★,OBR,30,45000,0,0,x1,,53,53,64,31,13,29,7,0,0,40,1,0,,,,50,,,Locked
128287547,238,MG,★★★★★,QJY-88,90,1978853,0,0,x5,,785,785,80,30,32,122,4,0,10,5,8,0,,,,100,,,Locked
128287627,148,RF,★★★★★,IWS 2000,90,2026322,0,0,x5,,420,420,151,71,27,31,7,0,0,40,10,0,,,,100,,,Locked
128440419,251,SMG,★★★★★,X95,88,1831094,0,0,x4,,728,728,32,12,60,87,12,0,0,5,10,0,,,,100,,,Locked
128611654,221,HG,★★★,GSh-18,90,1977000,0,0,x5,,330,330,31,44,79,50,15,0,0,20,1,0,,,,100,,,Locked
128751860,210,HG,★★★,CZ52,4,624,0,0,x1,,40,40,13,9,11,37,15,0,0,20,1,0,,,,100,,,Locked
129138999,73,AR,★★★★★,AUG,92,2235610,0,0,x5,,585,585,52,53,43,73,10,0,0,30,10,0,,,#1 Processor,100,,,Locked
129139690,59,SMG,★★★★★,AK-74U,30,45000,0,0,x1,,126,126,20,6,27,67,12,0,0,5,1,0,,,,98,,,Locked
129414341,157,SG,★★★★★,Am KSG,30,45000,0,0,x3,,492,492,17,6,5,24,6,9,5,40,7,0,,,,100,,,Locked
129802307,254,MG,★★★★,UKM-2000,30,45000,0,0,x2,,218,218,51,11,11,91,4,0,11,5,1,0,,,,60,,,Locked
129941154,178,SMG,★★★,F1,30,45000,0,0,x2,,274,274,15,6,23,62,12,0,0,5,1,0,,,,50,,,Locked
130509567,200,RF,★★★★,XM3,30,45000,0,0,x3,,159,159,70,35,12,27,7,0,0,40,1,0,,,,50,,,Locked
132107595,267,SMG,★★★,MP41,30,45000,0,0,x2,,252,252,17,6,24,60,12,0,0,5,1,0,,,,50,,,Locked
132122128,135,SMG,★★★★★,SR-3MP,68,663340,0,0,x3,,489,489,26,9,49,82,12,0,0,5,8,0,,,,100,,,Locked
132188822,229,SG,★★★★★,M870,92,2242898,0,0,x5,,1270,1270,32,12,12,28,6,21,4,40,10,0,Type 3 Armor Plate,#000 Buckshot,ITI MARS,100,,,Locked
132232112,113,HG,★★★,Serdyukov,90,1989958,0,0,x5,,330,330,31,53,63,57,15,0,0,20,10,0,Tactical Rails,,IOP X4 Exoskeleton,100,,,Locked
132665527,260,HG,★★★★★,PA-15,90,1980000,0,0,x5,,330,330,33,59,69,62,15,0,0,20,10,0,,,IOP X4 Exoskeleton,100,,,Locked
134930755,277,HG,★★★,Gr VP70,30,45000,0,0,x2,,86,86,17,21,29,46,15,0,0,20,1,0,,,,50,,,Locked
135243002,288,AR,★★★★,CR-21,93,2375250,51650,71450,x5,,535,535,46,49,40,79,10,0,0,20,1,0,,,,100,,,Locked
136008525,172,AR,★★★★★,Am RFB,100,3263300,-,-,x5,,525,525,69,68,49,54,10,0,0,30,10,0,,,,100,,,Locked
136172727,20064,AR,★★★★★,Gr G36 Mod,115,10452714,0,0,x5,Mod3,645,645,51,48,44,75,10,0,0,20,10,10,PEQ-16A,APCR High-Velocity Ammo,#2 Processor,200,Oathed,2022-03-09 07:40,Locked
137455013,287,AR,★★★★★,SIG-556,30,45000,0,0,x3,,237,237,29,18,18,59,10,0,0,20,1,0,,,,100,,,Locked
137924846,1023,SMG,★★★★★,Henrietta,1,0,0,0,x1,,96,96,11,2,11,63,12,0,0,5,1,0,,,,100,,,Locked
138008132,20095,RF,★★★★,Type88 Mod,115,10388560,305260,1894740,x5,Mod3,520,520,117,68,38,37,7,0,0,40,10,10,Magnetic Accelerated Rounds,Acceleration Coil,Thermoptic Camouflage Cape,100,,,Locked
138010402,150,SMG,★★★★,Shipka,30,45000,0,0,x3,,327,327,14,6,31,74,12,0,0,5,1,0,,,,56,,,Locked
138135618,1025,SG,★★★★★,Triela,90,2007333,0,0,x5,,1205,1205,34,11,11,26,6,19,4,40,10,0,Type 3 Armor Plate,Bayonet,ITI MARS,100,,,Locked
138265544,1026,MG,★★★★★,Claes,1,0,0,0,x1,,79,79,26,4,4,90,4,0,8,5,1,0,,,,94,,,Locked
138379561,1024,RF,★★★★★,Rico,90,2047409,0,0,x5,,380,380,122,73,30,36,7,0,0,40,10,0,,VFL 6-24X56,Duelling Cards,100,,,Locked
138492491,46,RF,★★★★★,Kar98k,90,1981725,6325,106275,x5,,400,400,126,71,38,33,7,0,0,40,1,0,,,,51,,,Locked
138601471,1027,AR,★★★★★,Angelica,100,3263300,-,-,x5,,605,605,55,57,46,75,10,0,0,30,10,0,PEQ-16A,APCR High-Velocity Ammo,Fairy Tale Picture Books,100,,,Locked
138727276,271,MG,★★★,K3,1,0,0,0,x1,,83,83,28,4,5,90,4,0,9,5,1,0,,,,50,,,Locked
138732074,166,HG,★★★★★,CZ75,1,0,0,0,x1,,33,33,12,8,9,44,15,0,0,20,1,0,,,,54,,,Locked
139678076,224,SMG,★★★★★,PM-06,30,45000,0,0,x1,,123,123,17,6,29,65,12,0,0,5,1,0,,,,50,,,Locked
139971066,149,MG,★★★★,AEK-999,38,90000,0,0,x2,,228,228,55,14,13,97,4,0,10,5,1,0,,,,50,,,Locked
139971121,199,MG,★★★★,Type80,30,45000,0,0,x3,,336,336,53,11,10,94,4,0,10,5,1,0,,,,50,,,Locked
141693638,247,RF,★★★★,K31,90,1977030,0,0,x5,,370,370,118,71,34,38,7,0,0,40,10,0,,,,100,,,Locked
142009215,279,AR,★★★,INSAS,30,45000,0,0,x1,,72,72,27,20,18,55,10,0,0,20,1,0,,,,50,,,Locked
142348216,278,SG,★★★,Six12,30,45000,0,0,x2,,314,314,20,6,5,24,6,8,4,40,1,0,,,,50,,,Locked
142381728,274,AR,★★★★★,ACR,30,45000,0,0,x3,,225,225,29,20,19,58,10,0,0,30,8,0,,,,100,,,Locked
142820273,268,RF,★★★,T-CMS,1,0,0,0,x1,,44,44,45,10,4,25,7,0,0,40,1,0,,,,50,,,Locked
142821909,275,MG,★★★★,M1895 CB,93,2442703,119103,3997,x5,,915,915,86,24,21,128,4,0,10,5,10,0,,,,100,,,Locked
142920308,272,HG,★★★★★,Desert Eagle,98,3006400,0,0,x5,,360,360,40,56,64,55,15,0,0,40,10,0,,,IOP X4 Exoskeleton,100,,,Locked
142942183,128,RF,★★★★★,M99,30,45000,0,0,x3,,171,171,83,30,13,25,7,0,0,40,1,0,,,,50,,,Locked
143049047,273,RF,★★★★,SSG3000,90,1976960,0,0,x5,,420,420,117,70,28,36,7,0,0,40,10,0,,,,100,,,Locked
143135183,217,RF,★★★,SM-1,30,45000,0,0,x1,,53,53,53,31,16,31,7,0,0,40,1,0,,,,50,,,Locked
143168326,71,AR,★★,Galil,30,45000,0,0,x1,,68,68,27,17,16,50,10,0,0,20,1,0,,,,50,,,Locked
143411658,286,SMG,★★★★,K-PDW,90,1977000,0,0,x5,,855,855,31,13,65,79,12,0,0,5,1,0,,,,50,,,Locked
143638267,265,AR,★★★,Gr HK33,30,45000,0,0,x1,,68,68,27,20,18,57,10,0,0,20,1,0,,,,50,,,Locked
143752760,276,MG,★★★★★,Kord,100,3263300,-,-,x5,,990,990,109,22,21,110,4,0,9,5,10,0,,16Lab 6-24X56,IOP Maximum Ammo Box,100,,,Locked
143793365,192,RF,★★★★★,JS05,1,0,0,0,x1,,45,45,52,10,4,20,7,0,0,40,1,0,,,,50,,,Locked
143851280,112,MG,★★★★★,Negev,90,2028000,0,0,x5,,825,825,78,32,33,134,4,0,9,5,10,0,,,,100,,,Locked
144058071,50,RF,★★★★★,Lee Enfield,90,2019518,0,0,x5,,380,380,126,71,36,34,7,0,0,40,10,0,Mk211 High-Explosive Armor-Piercing Ammo,No32 MKI,,100,,,Locked
144478713,158,SG,★★★,KS-23,30,45000,0,0,x3,,534,534,24,5,5,20,6,8,3,40,1,0,,,,50,,,Locked
144516288,145,RF,★★★,OTs-44,30,45000,0,0,x2,,104,104,83,26,13,25,7,0,0,40,1,0,,,,50,,,Locked
144559516,282,SG,★★★★★,DP-12,92,2214600,0,0,x5,,1215,1215,30,12,12,30,6,21,5,40,10,0,Type 3 Armor Plate,#000 Buckshot,ITI MARS,100,,,Locked
145266016,284,RF,★★★,Zas M76,30,45000,0,0,x3,,165,165,61,30,14,29,7,0,0,40,1,0,,,,50,,,Locked
145321731,245,SMG,★★★★★,P90,90,1983700,0,0,x5,,905,905,29,14,76,90,12,0,0,5,10,0,,,PEQ-15,100,,,Locked
145675864,203,SMG,★★★★,Honey Badger,90,1980407,0,0,x5,,940,940,31,12,55,80,12,0,0,5,10,0,MkQ Light Exoskeleton,,PEQ-16A,100,,,Locked
146376604,285,HG,★★★★★,C-93,90,1978275,0,0,x5,,300,300,31,57,89,62,15,0,0,20,10,0,,,,100,,,Locked
147816928,263,MG,★★★★★,Gr MG36,91,2152942,0,0,x5,,870,870,80,32,33,125,4,0,10,5,6,0,,,,100,,,Locked
147888831,291,SMG,★★★,43M,30,45000,0,0,x2,,240,240,17,6,22,69,12,0,0,5,1,0,,,,50,,,Locked
149216414,280,SMG,★★★★,MAT-49,90,2000625,0,0,x5,,880,880,28,13,67,77,12,0,0,5,8,0,,,,100,,,Locked
149452241,1028,SMG,★★★★★,Agent Vector,1,0,0,0,x1,,93,93,12,2,10,71,12,0,0,5,10,0,,,,100,,,Locked
149606129,1029,AR,★★★★★,Agent 416,30,45000,0,0,x1,,79,79,29,18,18,59,10,0,0,20,8,0,,,,100,,,Locked
149849756,119,AR,★★★★★,OTs-14,70,707100,0,0,x4,,376,376,39,40,40,68,10,0,0,20,10,0,,,,100,,,Locked
150169996,20125,MG,★★★★★★,Gr MG4 Mod,110,5263300,0,0,x5,Mod2,920,920,91,37,34,139,4,0,10,5,9,10,Mk1000 SLAP,Gr MG4 MGO,IOP Maximum Ammo Box,100,,,Locked
151199346,299,SG,★★★,HSM10,30,45000,0,0,x2,,320,320,19,6,5,22,6,8,4,40,1,0,,,,50,,,Locked
152176864,298,AR,★★★,Vepr,30,45000,0,0,x2,,144,144,26,19,18,55,10,0,0,20,1,0,,,,50,,,Locked
152452749,121,MG,★★★★,Mk48,30,45000,0,0,x3,,336,336,52,11,11,90,4,0,10,5,8,0,,,,100,,,Locked
152855616,115,SMG,★★★★★,Suomi,90,1977000,0,0,x5,,1045,1045,26,14,52,90,12,0,0,5,1,0,Mk31 Multi-functional Exoskeleton,,AC4 Suppressor,50,,,Locked
153076500,264,MG,★★★★,Chauchat,90,1977000,0,0,x5,,825,825,96,31,27,79,4,0,9,5,1,0,,,,50,,,Locked
153408668,98,HG,★★★★,SPP-1,30,45000,0,0,x2,,100,100,19,23,29,36,15,0,0,20,1,0,,,,56,,,Locked
153418858,300,MG,★★★,CAR,90,1977000,0,0,x5,,785,785,87,29,26,108,4,0,8,5,1,0,Mk1000 SLAP,RMR T4 Red Dot Sight,,50,,,Locked
153746261,177,SMG,★★★★,KLIN,70,727837,0,0,x4,,648,648,21,8,55,87,12,0,0,5,1,0,,,,64,,,Locked
153752934,259,SMG,★★★★★,PM-9,30,45000,0,0,x1,,114,114,16,6,32,78,12,0,0,5,1,0,,,,50,,,Locked
154625396,142,HG,★★★★★,Five-seven,1,0,0,0,x1,,32,32,11,7,12,44,15,0,0,20,1,0,,,,50,,,Locked
154625838,261,RF,★★★★★,QBU-88,90,1980000,4600,108000,x5,,400,400,118,79,38,40,7,0,0,40,1,0,,,,63,,,Locked
155246820,185,MG,★★★★,Ameli,90,1977000,0,0,x5,,670,670,77,35,38,143,4,0,8,5,1,0,,,,50,,,Locked
155814771,301,SMG,★★★,MAS-38,70,711000,0,0,x4,,648,648,21,10,54,75,12,0,0,5,1,0,,,,50,,,Locked
156145926,305,RF,★★★★,Tabuk,30,45000,0,0,x3,,165,165,63,31,15,30,7,0,0,40,1,0,,,,50,,,Locked
156384824,296,RF,★★★★★,Gr SL8,90,1976400,0,0,x5,,405,405,112,71,36,40,7,0,0,40,10,0,,,,100,,,Locked
156753070,307,MG,★★★★★,ZB-26,70,711000,0,0,x4,,616,616,80,22,23,104,4,0,9,5,1,0,,,,94,,,Locked
156801883,292,MG,★★★★★,RPK-16,90,1978200,0,0,x5,,785,785,79,34,32,124,4,0,10,5,10,0,,,,100,,,Locked
156805742,20293,AR,★★★★★★,AK-15 Mod,110,5315050,51750,428250,x5,Mod2,585,585,62,53,52,78,10,0,0,20,10,10,PEQ-16A,APCR High-Velocity Ammo,#2 Processor,100,,,Locked
156921392,294,HG,★★★★★,Webley,92,2217455,13355,106145,x5,,415,415,28,61,75,55,15,0,0,20,10,0,AC4 Suppressor,ILM Hollow-Point Ammo,IOP T4 Exoskeleton,100,,,Locked
157691443,281,SG,★★★★★,CAWS,90,2004000,0,0,x5,,1170,1170,28,11,12,34,6,21,5,40,10,0,Type 3 Armor Plate,SABOT Slug,EOT 518,100,,,Locked
157708500,287,AR,★★★★★,SIG-556,1,0,0,0,x1,,61,61,19,6,6,52,10,0,0,20,1,0,,,,50,,,
157708516,205,AR,★★★★★,AN-94,1,0,0,0,x1,,58,58,17,7,5,48,10,0,0,20,1,0,,,,50,,,
159095773,309,HG,★★★,WKp,30,45000,0,0,x3,,156,156,22,19,25,34,15,0,0,20,1,0,,,,50,,,Locked
159137743,297,AR,★★★★,FI M82,90,1977000,1600,111000,x5,,535,535,47,41,42,72,10,0,0,20,1,0,,,,50,,,Locked
159176611,295,SMG,★★★★,CF-05,90,1980000,4600,108000,x5,,905,905,24,12,67,84,12,0,0,5,1,0,,,,50,,,Locked
159188840,289,AR,★★★★★,R5,1,0,0,0,x1,,62,62,20,7,6,51,10,0,0,20,1,0,,,,50,,,Locked
159316746,163,SG,★★★★★,AA-12,30,45000,0,0,x1,,174,174,18,5,5,31,6,9,5,40,1,0,,,,50,,,Locked
159955288,78,MG,★★★★,M60,30,45000,0,0,x2,,236,236,51,11,11,87,4,0,9,5,1,0,,,,50,,,Locked
161704739,314,AR,★★★,StG-940,30,45000,0,0,x3,,216,216,28,19,17,54,10,0,0,20,1,0,,,,50,,,Locked
162077720,311,SMG,★★★★★,Lusa,30,45000,0,0,x2,,264,264,17,6,27,74,12,0,0,5,9,0,,,,50,,,Locked
162984009,4,HG,★★★★★,Python,30,45000,0,0,x2,,90,90,21,30,31,37,15,0,0,40,1,0,,,,50,,,Locked
163692061,320,RF,★★★,GM6 Lynx,30,48000,0,0,x3,,165,165,76,29,12,26,7,0,0,40,4,0,,,,50,,,Locked
164832631,97,HG,★★★★★,M950A,30,45000,0,0,x3,,150,150,17,21,27,56,15,0,0,20,1,0,,,,50,,,Locked
165445388,233,HG,★★★★★,Px4 Storm,1,0,0,0,x1,,34,34,12,8,11,37,15,0,0,20,1,0,,,,50,,,
165709164,321,SG,★★★,TS12,30,45000,0,0,x2,,314,314,19,6,5,24,6,8,3,40,1,0,,,,55,,,Locked
165835249,1009,HG,★★★★★,El Clear,1,0,0,0,x1,,33,33,10,7,10,39,15,0,0,20,1,0,,,,50,,,
166283750,1010,HG,★★★★★,El Fail,1,0,0,0,x1,,33,33,10,7,10,39,15,0,0,20,1,0,,,,50,,,
166283767,151,SG,★★★★★,M1887,1,0,0,0,x1,,138,138,14,2,2,15,6,3,4,40,1,0,,,,50,,,Locked
167267630,325,SG,★★★★,PM5,30,45000,0,0,x2,,308,308,19,5,6,23,6,8,5,40,1,0,,,,55,,,Locked
167267642,156,SG,★★★★,Super-Shorty,1,0,0,0,x1,,121,121,10,2,3,20,6,3,3,40,1,0,,,,50,,,Locked
167468118,322,HG,★★★,QSB-91,4,691,0,0,x1,,36,36,14,10,11,37,15,0,0,20,1,0,,,,100,,,Locked
167540537,340,AR,★★★★★,TKB-408,1,0,0,0,x1,,58,58,19,6,6,48,10,0,0,20,1,0,,,,50,,,Locked
169098422,337,RF,★★★★★,De Lisle,30,45000,0,0,x2,,132,132,58,33,15,28,7,0,0,40,10,0,,,,50,,,Locked
169159555,329,RF,★★★★★,SVCh,90,1996845,0,0,x5,,410,410,135,88,28,34,7,0,0,40,10,0,Mk211 High-Explosive Armor-Piercing Ammo,VFL 6-24X56,Thermoptic Camouflage Cape,100,,,Locked
169185315,207,AR,★★★★,CZ2000,1,0,0,0,x1,,55,55,18,6,6,54,10,0,0,20,1,0,,,,50,,,Locked
169501523,327,SMG,★★★,SUB-2000,30,45000,0,0,x1,,126,126,15,6,26,67,12,0,0,5,1,0,,,,50,,,Locked
170191345,242,HG,★★★★★,P22,30,45000,0,0,x3,,135,135,16,25,42,48,15,0,0,20,1,0,,,,50,,,Locked
171152953,1030,SMG,★★★★★,Jashin-chan,1,0,0,0,x1,,102,102,9,2,9,54,12,0,0,5,1,0,,,,50,,,Locked
171152990,1033,MG,★★★★★,Hanazono Yurine,100,3263300,-,-,x5,,910,910,93,29,24,128,4,0,10,5,10,0,M1022 Sniper Rounds,Grimoire Vol. II,IOP Maximum Ammo Box,100,,,Locked
171153316,1031,RF,★★★★★,Pekola,92,2294496,90396,29104,x5,,425,425,119,75,38,36,7,0,0,40,10,0,M1022 Sniper Rounds,VFL 6-24X56,Donut of Sweet Dreams,100,,,Locked
171186438,308,RF,★★★,C14,1,0,0,0,x1,,47,47,47,10,4,22,7,0,0,40,1,0,,,,50,,,Locked
171191763,1034,SG,★★★★★,Minos,1,0,0,0,x1,,143,143,15,2,2,17,6,3,4,40,9,0,,,,50,,,Locked
171264922,212,HG,★★★★,K5,30,45000,0,0,x2,,86,86,17,21,32,49,15,0,0,40,1,0,,,,50,,,Locked
171697344,1032,AR,★★★★★,Medusa,91,2157000,0,0,x5,,580,580,55,53,44,71,10,0,0,30,10,0,PEQ-16A,APCR High-Velocity Ammo,Paper Bag Helmet,50,,,Locked
172551658,312,RF,★★★★★,VSK-94,90,1977000,0,0,x5,,420,420,124,72,29,37,7,0,0,40,10,0,Mk211 High-Explosive Armor-Piercing Ammo,,,80,,,Locked
173374817,306,AR,★★★★★,AK-Alfa,30,45000,0,0,x3,,225,225,30,20,20,57,10,0,0,20,5,0,,,,50,,,Locked
174465469,304,SMG,★★★★,SAF,30,45000,0,0,x3,,351,351,15,6,28,79,12,0,0,5,1,0,,,,50,,,Locked
175172433,206,AR,★★★★★,AK-12,1,0,0,0,x1,,55,55,18,7,6,50,10,0,0,20,1,0,,,,50,,,
175781173,303,HG,★★★★★,HP-35,90,1982400,0,0,x5,,365,365,29,58,81,56,15,0,0,20,10,0,,ILM Hollow-Point Ammo,,100,,,Locked
176318343,319,MG,★★★★,PM1910,1,0,0,0,x1,,95,95,34,4,4,72,4,0,10,5,1,0,,,,50,,,Locked
176705873,272,HG,★★★★★,Desert Eagle,1,0,0,0,x1,,37,37,14,7,8,36,15,0,0,40,1,0,,,,50,,,
176924163,316,RF,★★★★★,General Liu,94,2459223,12523,114177,x5,,385,385,133,83,28,39,7,0,0,40,10,0,M1022 Sniper Rounds,VFL 6-24X56,Thermoptic Camouflage Cape,100,,,Locked
176925458,318,AR,★★★★★,VHS,1,0,0,0,x1,,58,58,19,6,6,51,10,0,0,20,3,0,,,,50,,,Locked
177467973,315,SMG,★★★★★,AUG Para,30,45000,0,0,x3,,360,360,17,6,32,69,12,0,0,5,1,0,,,,55,,,Locked
177704954,323,SG,★★★★★,LTLX7000,97,2922348,84448,53452,x5,,1355,1355,23,14,11,28,6,24,5,40,10,0,Type 3 Armor Plate,Shotgun Flash Shells,ITI MARS,100,,,Locked
178021339,317,RF,★★★★,Mondragon M1908,90,1977030,0,0,x5,,400,400,105,67,31,39,7,0,0,40,10,0,Mk211 High-Explosive Armor-Piercing Ammo,,Old Camouflage Uniform,100,,,Locked
178249522,324,SG,★★★★★,M6 ASW,1,0,0,0,x1,,130,130,14,2,2,19,6,3,4,40,8,0,,,,50,,,Locked
178588019,121,MG,★★★★,Mk48,1,0,0,0,x1,,87,87,36,4,4,80,4,0,10,5,1,0,,,,50,,,
178617140,213,SMG,★★★★★,C-MS,1,0,0,0,x1,,93,93,12,2,10,60,12,0,0,5,1,0,,,,50,,,
178617331,339,MG,★★★★★,RPK-203,90,2001401,0,0,x5,,785,785,85,31,32,120,4,0,9,5,10,0,,VFL 6-24X56,,100,,,Locked
178617521,137,SMG,★★★★,PP-19-01,1,0,0,0,x1,,97,97,11,2,10,60,12,0,0,5,1,0,,,,55,,,Locked
179092394,338,AR,★★★★★,SIG MCX,1,0,0,0,x1,,58,58,17,7,6,55,10,0,0,20,1,0,,,,50,,,Locked
180172508,330,AR,★★★★,FX-05,90,1977000,0,0,x5,,525,525,51,50,43,67,10,0,0,20,10,0,PEQ-15,APCR High-Velocity Ammo,#1 Processor,50,,,Locked
180430945,206,AR,★★★★★,AK-12,1,0,0,0,x1,,55,55,18,7,6,50,10,0,0,20,1,0,,,,50,,,
181045162,64,AR,★★★★,Gr G36,30,45000,0,0,x3,,246,246,27,18,17,57,10,0,0,20,1,0,,,,50,,,Locked
181665766,353,SG,★★★★,MAG-7,30,45000,0,0,x1,,157,157,25,6,5,21,6,8,5,40,1,0,,,,50,,,Locked
181714245,165,SG,★★★★,M1014,30,45000,0,0,x1,,178,178,18,5,5,25,6,8,4,40,1,0,,,,50,,,Locked
181714298,190,SG,★★★,NS2000,1,0,0,0,x1,,127,127,13,2,2,19,6,3,5,40,1,0,,,,55,,,Locked
181714330,189,SG,★★★★,USAS-12,1,0,0,0,x1,,130,130,12,2,2,26,6,3,5,40,1,0,,,,50,,,Locked
181714385,305,RF,★★★★,Tabuk,1,0,0,0,x1,,42,42,41,10,5,26,7,0,0,40,1,0,,,,50,,,
181731148,352,SG,★★★★,Nova,90,2034720,0,0,x5,,1255,1255,29,12,15,28,6,18,7,40,10,0,Type 3 Armor Plate,SABOT Slug,EOT 518,100,,,Locked
181866515,1022,SG,★★★★★,Dana Zane,1,0,0,0,x1,,135,135,15,2,2,18,6,3,1,40,1,0,,,,50,,,Locked
182167473,1021,MG,★★★★★,Alma Armas,1,0,0,0,x1,,98,98,32,4,3,87,4,0,9,5,2,0,,,,55,,,Locked
182488795,1019,SMG,★★★★★,Dorothy Haze,1,0,0,0,x1,,88,88,10,2,10,52,12,0,0,5,5,0,,,,50,,,Locked
182722363,1018,HG,★★★★★,Sei Asagiri,90,1983525,8125,104475,x5,,405,405,28,54,71,52,15,0,0,20,10,0,,ILM Hollow-Point Ammo,White Knight's Armor,100,,,Locked
182909371,1017,HG,★★★★★,Jill Stingray,90,2087841,112441,159,x5,,380,380,28,49,87,53,15,0,0,20,10,0,Adelhyde,Adelhyde,Karmotrine,100,,,Locked
183060589,1020,RF,★★★★★,Stella Hoshii,1,0,0,0,x1,,45,45,40,10,4,23,7,0,0,40,8,0,,,,50,,,Locked
183603810,257,RF,★★★★★,M200,1,0,0,0,x1,,44,44,49,11,4,22,7,0,0,40,1,0,,,,50,,,
184104183,172,AR,★★★★★,Am RFB,30,45000,0,0,x2,,136,136,36,25,18,40,10,0,0,30,1,0,,,,50,,,Locked
184602911,350,SG,★★★★★,FO-12,1,0,0,0,x1,,128,128,12,2,2,25,6,3,5,40,10,0,,,,50,,,Locked
184962567,349,AR,★★★★,AK74M,70,711000,0,0,x4,,376,376,41,42,33,66,10,0,0,20,1,0,,,,50,,,Locked
185008336,348,RF,★★★★★,HS.50,63,492190,0,0,x3,,216,216,120,57,20,29,7,0,0,40,10,0,,,,100,,,Locked
185008472,328,SMG,★★★★,AR-57,30,45000,0,0,x2,,238,238,15,6,29,73,12,0,0,5,2,0,,,,50,,,Locked
185008850,346,HG,★★★★,CZ100,30,45000,0,0,x2,,94,94,17,21,32,46,15,0,0,20,10,0,,,,50,,,Locked
185200244,250,HG,★★★★★,HS2000,1,0,0,0,x1,,36,36,12,8,11,42,15,0,0,20,1,0,,,,50,,,
188009266,333,SMG,★★★★★,VP1915,30,45000,0,0,x3,,393,393,15,5,27,73,12,0,0,5,1,0,,,,50,,,Locked
188404996,332,HG,★★★★,Derringer,1,0,0,0,x1,,35,35,11,8,12,35,15,0,0,20,5,0,,,,82,,,Locked
188541806,331,HG,★★★★★,Kolibri,90,2059645,84245,28355,x5,,315,315,14,54,116,56,15,0,0,20,10,0,AC4 Suppressor,16Lab Hollow-Point,IOP T4 Exoskeleton,100,,,Locked
188725767,335,AR,★★★★,Fedorov Avtomat,1,0,0,0,x1,,55,55,20,7,6,39,10,0,0,20,1,0,,,,50,,,Locked
189074480,334,RF,★★★★★,Model 99,1,0,0,0,x1,,49,49,44,10,5,23,7,0,0,40,1,0,,,,50,,,Locked
190037948,365,AR,★★★★★,SCR,30,45000,0,0,x3,,216,216,27,21,20,59,10,0,0,20,1,0,,,,55,,,Locked
190038159,354,HG,★★★★,ZiP .22,90,1990050,0,0,x5,,315,315,29,36,78,61,15,0,0,20,10,0,,,,100,,,Locked
193577292,343,AR,★★★★,APC556,1,0,0,0,x1,,57,57,17,6,6,51,10,0,0,20,1,0,,,,50,,,Locked
193653252,344,AR,★★★★,FARA 83,30,45000,0,0,x3,,216,216,26,21,17,60,10,0,0,20,1,0,,,,50,,,Locked
193653543,342,AR,★★★★★,KH2002,1,0,0,0,x1,,66,66,19,7,5,53,10,0,0,20,1,0,,,,50,,,Locked
193910907,345,MG,★★★★★,MG338,90,2013696,0,0,x5,,825,825,97,24,24,121,4,0,9,5,10,0,,RMR T4 Red Dot Sight,IOP Maximum Ammo Box,100,,,Locked
193910961,341,SMG,★★★★★,SP9,30,45000,0,0,x2,,286,286,16,6,26,68,12,0,0,5,10,0,,,,50,,,Locked
193911232,351,SG,★★★★★,M26-MASS,30,45000,0,0,x2,,328,328,20,6,6,23,6,9,5,40,10,0,,,,50,,,Locked
194307192,339,MG,★★★★★,RPK-203,1,0,0,0,x1,,83,83,30,4,4,80,4,0,9,5,1,0,,,,50,,,
194879996,349,AR,★★★★,AK74M,1,0,0,0,x1,,55,55,17,7,5,48,10,0,0,20,1,0,,,,50,,,
194918844,306,AR,★★★★★,AK-Alfa,1,0,0,0,x1,,58,58,19,6,6,49,10,0,0,20,1,0,,,,50,,,
195315339,287,AR,★★★★★,SIG-556,1,0,0,0,x1,,61,61,19,6,6,52,10,0,0,20,1,0,,,,50,,,
195735945,290,AR,★★★★★,89 Shiki,1,0,0,0,x1,,61,61,20,6,6,54,10,0,0,20,1,0,,,,50,,,Locked
196020608,233,HG,★★★★★,Px4 Storm,1,0,0,0,x1,,34,34,12,8,11,37,15,0,0,20,1,0,,,,50,,,
196322120,347,SMG,★★★★★,SR2,1,0,0,0,x1,,104,104,12,2,9,64,12,0,0,5,1,0,,,,50,,,Locked
196454442,72,AR,★★★★,TAR-21,1,0,0,0,x1,,53,53,18,6,6,54,10,0,0,20,1,0,,,,50,,,
196851103,356,AR,★★★★★,A-545,90,1977000,0,0,x5,,525,525,52,49,45,79,10,0,0,20,8,0,,,,50,,,Locked
196851126,196,AR,★★★★★,Zas M21,1,0,0,0,x1,,61,61,19,6,5,49,10,0,0,20,1,0,,,,50,,,
196856342,359,SMG,★★★★★,Sterling,30,45000,0,0,x2,,256,256,17,6,30,65,12,0,0,5,1,0,,,,50,,,Locked
196859154,360,RF,★★★★,TFQ,1,0,0,0,x1,,45,45,44,10,4,25,7,0,0,40,1,0,,,,50,,,Locked
196904616,357,HG,★★★★★,Rhino,1,0,0,0,x1,,37,37,12,9,9,38,15,0,0,40,1,0,,,,50,,,Locked
196991430,361,AR,★★★★★,QBZ-191,90,2084880,0,0,x5,,575,575,52,47,42,76,10,0,0,20,10,0,VFL 6-24X56,,,75,,,Locked
196992391,362,MG,★★★★,LS26,1,0,0,0,x1,,83,83,39,4,3,65,4,0,9,5,1,0,,,,50,,,Locked
196999896,358,HG,★★★★,PPQ,1,0,0,0,x1,,35,35,12,8,9,42,15,0,0,20,3,0,,,,50,,,Locked
197396636,233,HG,★★★★★,Px4 Storm,1,0,0,0,x1,,34,34,12,8,11,37,15,0,0,20,1,0,,,,50,,,
197546998,292,MG,★★★★★,RPK-16,1,0,0,0,x1,,83,83,28,4,4,83,4,0,10,5,1,0,,,,50,,,
198112893,80,MG,★★★,M1919A4,90,1977000,0,0,x5,,865,865,90,24,20,96,4,0,9,5,1,0,Mk1000 SLAP,,IOP Maximum Ammo Box,50,,,Locked
198319146,42,RF,★★★★,PTRD,1,0,0,0,x1,,47,47,54,9,4,18,7,0,0,40,1,0,,,,50,,,Locked
198442271,150,SMG,★★★★,Shipka,1,0,0,0,x1,,84,84,9,2,10,65,12,0,0,5,1,0,,,,50,,,
198756921,366,SG,★★★★★,SPAS-15,1,0,0,0,x1,,132,132,14,2,2,24,6,3,3,40,1,0,,,,50,,,Locked
198756943,237,AR,★★★★,SAR-21,1,0,0,0,x1,,58,58,18,7,6,57,10,0,0,20,1,0,,,,50,,,
198756945,152,SG,★★★,M1897,1,0,0,0,x1,,127,127,14,2,2,18,6,3,4,40,1,0,,,,50,,,Locked
198756946,283,SG,★★★★,Liberator,1,0,0,0,x1,,116,116,13,2,2,20,6,3,4,40,1,0,,,,50,,,Locked
198756973,368,SG,★★★★,UTS-15,1,0,0,0,x1,,116,116,14,2,2,18,6,3,5,40,1,0,,,,50,,,Locked
198757259,242,HG,★★★★★,P22,1,0,0,0,x1,,35,35,10,8,13,41,15,0,0,20,1,0,,,,50,,,
199551708,313,AR,★★★★★,S-ACR,1,0,0,0,x1,,62,62,16,6,5,61,10,0,0,20,1,0,,,,50,,,Locked
199565457,100,HG,★★★★,P7,1,0,0,0,x1,,32,32,12,8,11,42,15,0,0,20,1,0,,,,50,,,
199573326,90,HG,★★,FF FNP9,1,0,0,0,x1,,30,30,11,7,11,42,15,0,0,20,1,0,,,,50,,,
199573327,12,HG,★★★,C96,1,0,0,0,x1,,42,42,12,6,9,44,15,0,0,20,1,0,,,,50,,,
